normalized_key,latitude,longitude,coordinate_source
56556f4a98aa8fdc864d4afc8f10ba984b71cf94a12c70f5fa91207fe827358e,35.5124723,-108.8210105,nominatim
acfdceddaa2d1f33ec4c3b8c3376c63071286333f3bd60a960a3bd87479100d2,35.5100037,-97.9741968,nominatim
6794903cab0704014156da9b555f5b8aaacc4c8a681aaa8f7523c7fa38f9b395,35.5325678,-108.7037353,nominatim
96473da5a831b3dc4543ac7dc23e2030fdc7b9eaa481a4b33bda6318c704ad44,35.5035465,-108.8325866,nominatim
191d0d69dbb57bc71dc992a317f77b0dd5cd1d0ae985da3823aa372ad52e4faa,35.4729886,-97.5170536,nominatim_city_fallback
573edad10408a524f2338df19910b90b679d7059ab5e52cf55e079c94c2e6230,34.0246234,-95.52055,nominatim_city_fallback
6c8096e224cfce6d7abdf464410b7ec86ed8a4b20ee1902849a94300f6dfb2d6,35.1697175,-107.8908919,nominatim_city_fallback
0687318ee91520747e36922e5dae4fb001e42c109842e1277ab3199c27b8988a,35.5156056,-98.9673069,nominatim_city_fallback
d8e5a16c9237084f83edc7ec654e0e40c58142c69c60e6e18b0784dd767dafc8,35.20729,-101.8371192,nominatim_city_fallback
53abf7b21b2a8c223d5bb8e80d77c794898ce95ef3ecc6731d8b8cb24ff88353,35.2026182,-106.7497236,nominatim_city_fallback
0ff57d796fdd3fbf65971489aad7a153a025d10ffa0f1e2b90b75f8d266a1fff,35.20729,-101.8371192,nominatim_city_fallback
aebbe0bba80d28e298045b33b03bdc2f693b31fd20d806e123af125e5ff93906,35.3454637,-101.3806571,nominatim_city_fallback
ffffa8d3ff710cb943a94b040bf2b56dbde18395b3325eb79c5316cdcebbf8bb,35.0841034,-106.650985,nominatim_city_fallback
69d3ee2782972f92f27306b419e94f054d156a3bdd932eb39d3a4f745378d01c,35.6008883,-98.1188072,nominatim_city_fallback
2582bdca80952c5db431462ac9513a55c51face7e0d3586ed1f18644f5a1177a,35.20729,-101.8371192,nominatim_city_fallback
89fb65de3ede5b1fc22b56f196584b4cec0d8f37d6847e2667b905914f17ba55,35.4140081,-99.4138648,nominatim_city_fallback
5bf4ebda81330b0bd4fb0708385958bbfc20ee99132ec6c23c517dd7c7a3e484,35.4729886,-97.5170536,nominatim_city_fallback
03525678951e8f2d57d9bb23b3ccbe01914595a8539c5bd234449da686c5bc57,34.9972037,-106.0494876,nominatim_city_fallback
7cfbe44fa3d58ed123d684bbc3639d445395c98a7f2066d4caed446fc19b80ac,35.20729,-101.8371192,nominatim_city_fallback
3cf02a5f22b40a81c65c5167831a97cb2e7ea8ec7d3e649d41d428e491d08b24,35.5283506,-108.743907,nominatim_city_fallback
07224e041766609e49a313618d3247a336f171879694f2cc919b3a31cdeb0974,35.1697175,-107.8908919,nominatim_city_fallback
adc4b4658c1252ce083afbda816e70b8e8d41c044fb49b9b55f690b8d44eff53,35.2979543,-99.6399648,nominatim_city_fallback
5526c48ee99b1b4778c5410e2d49360e84f18755d7f2549919d3bda9e56be936,35.20729,-101.8371192,nominatim_city_fallback
d31d4c3bb6fe23e0947f6d3e60d0c00265aeb059024d74f8d1d41240f857e53e,34.9972037,-106.0494876,nominatim_city_fallback
3313515bc0c7c193878f65c4605230aa5765831230fadfa440f679440048d730,35.4729886,-97.5170536,nominatim_city_fallback
e76d6fd6109959974d9c8e04ac5173f53711c1e3efc4f8c181de094b3eb1ee7e,35.4729886,-97.5170536,nominatim_city_fallback
b0de78511c41a89cdee52d32205c720d337db86ad3e7140c9ff84edcdbbc9910,34.93867,-104.682489,nominatim_city_fallback
bee61a6dc60d557157045ec4f24527cab31ba451259dabb2cf623b82f92d0b20,35.0841034,-106.650985,nominatim_city_fallback
e9c4930c1785d7e5e7b784237fe1beb170f158f6027b75bc8baa34cc8d10bc82,35.5283506,-108.743907,nominatim_city_fallback
9210360248a5ba883322d640c8955f3a54a4ece75e9a4a0fc702ddb7e04b7c6f,35.6008883,-98.1188072,nominatim_city_fallback
67ac1d1803b2a45382fd2a8f4155cafde10e80bf36d1727baaa5815698b47008,35.5156056,-98.9673069,nominatim_city_fallback
1f1964986ead3f09a65c8a5ca3a0441cbb22d94be76ad710f008c1745144f945,35.212709,-99.8690567,nominatim_city_fallback
0001036343386612b74c736d88c1d8db2feb62ed16ebfb053c30f287a29870de,35.20729,-101.8371192,nominatim_city_fallback
639452f956cd82020636730240e3dfd3eb57ff7bbdc41168b209785d479f4e5a,35.1705939,-96.6263487,nominatim_city_fallback
9c4c6263865cd8d0d37a85f84484f927e41fbfacf4606eb577df7b0037ad4d60,35.5109296,-95.1299597,nominatim_city_fallback
6aab866ef5b6d1f54b2c0e9ed1d8a8aa057357c505779652db4a19ada4627152,35.1719425,-103.72504,nominatim_city_fallback
5508776a4dcb28b6a0118778266df06b38cc857af2d0396eee271d3e8dc86458,35.4729886,-97.5170536,nominatim_city_fallback
634ed13b2debcac2b4009f8e0e0f0d3a6199ba02e87b4fb545cc85cf267ce82f,35.0841034,-106.650985,nominatim_city_fallback
96171e1724a8f57630fba792cad862de427dcec1c2ce1a4dd1805620778e7dc2,35.4729886,-97.5170536,nominatim_city_fallback
c1a82574b318d7e67da31955abaa8450e9842800422717a0a3a0a857e51b8cce,35.4325854,-96.3050064,nominatim_city_fallback
82aaea4c89c9d2c5c17dfae0f49ad39431c690521090cddcf486843e054ef47a,35.2142167,-100.249007,nominatim_city_fallback
fbc02c6a705de23f9c951822ee0eb07fb60382245297ba1b390edcd47ccff6bc,35.24603,-102.4252734,nominatim_city_fallback
673a2379483e591b23df7c332a9c7c10bb0bbec522090cbe45ec0aa1379195ae,35.4700917,-95.5230691,nominatim_city_fallback
c614378e71b4e5d9616af62c0eee0f89fd83dc933baf4c4229e4a832b75843b5,35.4325854,-96.3050064,nominatim_city_fallback
c5b36f4a56923497a277d09b9ec438e069ed828e76986221f9e5dc7181b3854a,34.93867,-104.682489,nominatim_city_fallback
3b5daa8ca50db4f0d6c45a76440ce5b6fb520754fe67f18c7709c2306a4a656f,35.4212021,-94.5146616,nominatim_city_fallback
8800db6b84fdd8e352d8979b9b8550223be68cce6cfd55be9325d226f2a1533e,35.1719425,-103.72504,nominatim_city_fallback
83f6d1991886c60d6462c70561b8c08183e01f89f93ddb3b363b36933ddb9056,35.4212021,-94.5146616,nominatim_city_fallback
a3f2edf2e6aa02b01e2246dc94100eb434708b4d68c692051855e3a0044dc843,35.5261633,-98.7075744,nominatim_city_fallback
6e46c3f93aa86c0572b8dcb83babffe84a4df25492140ace2ac74afdf3bc8440,34.8960604,-107.5819746,nominatim_city_fallback
6724444ebc32d13c31f911c941d18ffddd4ee5c7dfe7fb854488e6f92bd1321d,35.20729,-101.8371192,nominatim_city_fallback
e9e359d8ea468dab89c86bdabd730481f00568db0e53cd2bc91b98256efe9bcf,35.4729886,-97.5170536,nominatim_city_fallback
83035c09b2488dd7bf177b6f01e39a64c58cebdd18c445b30002176608ad5aff,35.2979543,-99.6399648,nominatim_city_fallback
7747784ff0ed3d658760d0f63cc958e949dbbaa31e960b88c473390ca32e7ab2,35.046318,-107.4713938,nominatim_city_fallback
5017f508819812d758b6c132a7712da3b72e05c63e6ffdbc679688d70d5929fe,35.0841034,-106.650985,nominatim_city_fallback
7d3e3fbbe5c137f1b846b4ac7bd72fc9d407c17f0e647f3aaa14ffd44fef5225,35.8483867,-98.4133205,nominatim_city_fallback
c5eb89758e70ce38f810873c6bda419c4b7a13288f24461cc8f8385f69a8faa3,35.1064347,-103.3309382,nominatim_city_fallback
f859bbf150c9fa174dc6626cf1576d1e173240978f398e67dcf993f0ffbaaee1,35.4715518,-98.3556589,nominatim_city_fallback
be39ebf4bfd07982bc5609daf32db35c6d72f63b4d41f5436a59e34240013f5d,35.1064347,-103.3309382,nominatim_city_fallback
5a98d39fd4b8d9d32697b281132693901966e63dc3a0a86dc3395a35046c98b4,35.3272928,-96.9253004,nominatim_city_fallback
82d37758eaa809fc9832c1dff37cf2034ed37192ba03abae2cc4c1e386053ea4,35.4140081,-99.4138648,nominatim_city_fallback
9a0f3980d17d99e7cab3c5cabfdbdce36a71e3e77f3d1e12e0ec97ec29e77b38,35.494675,-95.3060603,nominatim_city_fallback
6592ed958243f80b1a9eb6ce2d62219267f797265e7bfa42238090f5de563a53,35.20729,-101.8371192,nominatim_city_fallback
8a7d54a8e951920c5fbf79d483617bd0cfa10eee57ba3b0395c4e5ee0bfc6976,35.1705939,-96.6263487,nominatim_city_fallback
99d81144ed7679c19ee8ad2168824cded1ecefbf90337f449b264d8de0e89328,35.4140081,-99.4138648,nominatim_city_fallback
ddc6b245d6e821678157f99c2cfe0441114b1e3caeaf5a525e8f598d4f43e60c,35.4700917,-95.5230691,nominatim_city_fallback
078230cfd6fd3099426ab0d2be3e1d9c8d1fd6ebd35c105d51ced0397f478160,34.9972037,-106.0494876,nominatim_city_fallback
b3a1e5b30e3982991cc7c8a8b708fc0d9294e2ec3c5f472573b36ff0b613df2a,34.0246234,-95.52055,nominatim_city_fallback
eb6375f40e17bb5266efdedee25fc2c0d932a1a324fb98070f04cbae9e54ac37,35.5156056,-98.9673069,nominatim_city_fallback
e6f7df6a1bffe36ec665ab5433516315d237b6488862dde4798a00ffa638ae4b,35.0841034,-106.650985,nominatim_city_fallback
1d25e3ee5a118daa2336ab134e32ee62f613ac5380a9be56b67f4f5e9bf4a75c,34.93867,-104.682489,nominatim_city_fallback
15cf8fc8cca7ba90213865bb387e854065279c61ae73dcd6acd935544ea453a6,34.93867,-104.682489,nominatim_city_fallback
0a33af02eca79ce4482d6a6d1baea0424fa2d57f114ca8fed1f2457d403cbee1,35.2979543,-99.6399648,nominatim_city_fallback
7eda1c5939852df1d66c90ce51cc1b72001e80d2dbf3e888513f7a720da81e4d,35.3272928,-96.9253004,nominatim_city_fallback
6decb1ed72f9a79ed4946b3b2e7d7d5cac510ece0d48afcb1e56d5ba33c402ba,35.0841034,-106.650985,nominatim_city_fallback
02dcaefb713e08794029d9a68d1755cb28e1faf207b599fae439be4f9b314d63,35.0841034,-106.650985,nominatim_city_fallback
00e51a296f8e027a2d4926aa926fc2efe66af6643dcdea8ca78130eb67e37f31,35.5261633,-98.7075744,nominatim_city_fallback
a7a06cd955e26d8a25a988b0174d78d3a3b55faeaea5af0f8b3a4aa3426c9ac6,35.6302132,-98.3184548,nominatim_city_fallback
64488d7cdac66843be4dc63420d98060bbde0e16a1d4a108cde30836686ff3f6,35.20729,-101.8371192,nominatim_city_fallback
e0436ef2e17529160201cbdaa261b247168aff606d9f4905e65051ada4958da9,35.1719425,-103.72504,nominatim_city_fallback
54aa704e8d8a13d1333b9efad5c19a69a9ce607611d8d5f042ec8be1a34615aa,35.20729,-101.8371192,nominatim_city_fallback
c3062f5dea8fd718978b61a7ae2bcdd3d61311cc9c90ef1972e3d5695e3c91cf,35.0094982,-105.66918,nominatim_city_fallback
3fc396dd722fa7d81eb2164aa502c979b707605e6b95a577bac6d6e2bd9ed387,35.20729,-101.8371192,nominatim_city_fallback
01b4e8d17d7b17dfbd490d3b58530d6d53a56e4ad4f61e2bb1bdfd4a2139beef,35.4062034,-94.5988306,nominatim_city_fallback
344a04e012ad7bd6800b9d8e1d432ab71ba8a24580df41cc2b90e5c2bd0e175b,35.20729,-101.8371192,nominatim_city_fallback
269673d7f723312048626408cc3b68ce7dcb289755d0d3203788e257e585e027,35.4325854,-96.3050064,nominatim_city_fallback
10c86076820c5a26e7d8109883474927b29d9c6ffeda1c076a61e7b8646682d6,35.4140081,-99.4138648,nominatim_city_fallback
